ID,Answer
0,[CLS]
1,[CLS]
2,[CLS]
3,[CLS]
4,[CLS]
5,溫州人
6,[CLS]
7,[CLS]
8,[CLS]
9,[CLS]
10,文化教育界
11,豐臣秀吉
12,[CLS]
13,1962年世界盃
14,[CLS]
15,[CLS]
16,[CLS]
17,[CLS]
18,[CLS]
19,[CLS]
20,[CLS]
21,[CLS]
22,董必武
23,[CLS]
24,[CLS]
25,仔細觀察大自然
26,狗肉
27,[CLS]
28,[CLS]
29,立法
30,[CLS]
31,[CLS]
32,[CLS]
33,[CLS]
34,[CLS]
35,[CLS]
36,[CLS]
37,[CLS]
38,[CLS]
39,[CLS]
40,西方商業模式
41,[CLS]
42,[CLS]
43,[CLS]
44,[CLS]
45,烏蘇里江
46,[CLS]
47,瑞士
48,[CLS]
49,三成
50,[CLS]
51,[CLS]
52,[CLS]
53,[CLS]
54,[CLS]
55,[CLS]
56,[CLS]
57,[CLS]
58,[CLS]
59,[CLS]
60,[CLS]
61,[CLS]
62,[CLS]
63,83.4%
64,[CLS]
65,[CLS]
66,[CLS]
67,[CLS]
68,[CLS]
69,[CLS]
70,[CLS]
71,[CLS]
72,[CLS]
73,[CLS]
74,[CLS]
75,[CLS]
76,[CLS]
77,[CLS]
78,公元245年初
79,[CLS]
80,[CLS]
81,英格蘭聯賽盃
82,[CLS]
83,[CLS]
84,[CLS]
85,[CLS]
86,[CLS]
87,[CLS]
88,[CLS]
89,[CLS]
90,洛杉磯湖人
91,[CLS]
92,[CLS]
93,[CLS]
94,[CLS]
95,[CLS]
96,[CLS]
97,[CLS]
98,[CLS]
99,[CLS]
100,[CLS]
101,[CLS]
102,上海學府中央區
103,[CLS]
104,[CLS]
105,布拉格之春
106,[CLS]
107,[CLS]
108,[CLS]
109,[CLS]
110,[CLS]
111,[CLS]
112,[CLS]
113,[CLS]
114,[CLS]
115,[CLS]
116,1969
117,[CLS]
118,[CLS]
119,[CLS]
120,[CLS]
121,[CLS]
122,[CLS]
123,[CLS]
124,[CLS]
125,1956年
126,[CLS]
127,[CLS]
128,[CLS]
129,[CLS]
130,[CLS]
131,[CLS]
132,[CLS]
133,[CLS]
134,[CLS]
135,[CLS]
136,[CLS]
137,[CLS]
138,[CLS]
139,[CLS]
140,1946
141,[CLS]
142,[CLS]
143,[CLS]
144,[CLS]
145,考試
146,[CLS]
147,[CLS]
148,[CLS]
149,[CLS]
150,[CLS]
151,20世紀
152,[CLS]
153,[CLS]
154,[CLS]
155,[CLS]
156,[CLS]
157,[CLS]
158,[CLS]
159,[CLS]
160,[CLS]
161,[CLS]
162,[CLS]
163,[CLS]
164,[CLS]
165,[CLS]
166,[CLS]
167,[CLS]
168,[CLS]
169,[CLS]
170,[CLS]
171,[CLS]
172,[CLS]
173,[CLS]
174,[CLS]
175,[CLS]
176,[CLS]
177,[CLS]
178,[CLS]
179,[CLS]
180,[CLS]
181,[CLS]
182,[CLS]
183,[CLS]
184,[CLS]
185,[CLS]
186,[CLS]
187,[CLS]
188,[CLS]
189,孫文
190,[CLS]
191,淮河流域
192,[CLS]
193,[CLS]
194,[CLS]
195,[CLS]
196,[CLS]
197,[CLS]
198,[CLS]
199,[CLS]
200,[CLS]
201,[CLS]
202,[CLS]
203,[CLS]
204,[CLS]
205,[CLS]
206,[CLS]
207,[CLS]
208,[CLS]
209,[CLS]
210,[CLS]
211,[CLS]
212,[CLS]
213,[CLS]
214,[CLS]
215,白堊紀中期
216,[CLS]
217,[CLS]
218,[CLS]
219,[CLS]
220,[CLS]
221,[CLS]
222,[CLS]
223,補庫當天下午
224,[CLS]
225,[CLS]
226,[CLS]
227,1701年
228,574800人
229,[CLS]
230,網際網路泡沫破滅
231,[CLS]
232,[CLS]
233,[CLS]
234,第七
235,[CLS]
236,[CLS]
237,[CLS]
238,[CLS]
239,[CLS]
240,[CLS]
241,[CLS]
242,[CLS]
243,[CLS]
244,[CLS]
245,[CLS]
246,5800日元左右
247,[CLS]
248,約188萬公里
249,[CLS]
250,[CLS]
251,[CLS]
252,[CLS]
253,[CLS]
254,農藥
255,瑪西婭·麥克納特
256,[CLS]
257,1748年
258,[CLS]
259,[CLS]
260,[CLS]
261,[CLS]
262,質量
263,[CLS]
264,[CLS]
265,[CLS]
266,[CLS]
267,[CLS]
268,[CLS]
269,[CLS]
270,[CLS]
271,[CLS]
272,磚石
273,[CLS]
274,[CLS]
275,[CLS]
276,[CLS]
277,[CLS]
278,[CLS]
279,[CLS]
280,香港之女
281,[CLS]
282,[CLS]
283,美白聖品
284,[CLS]
285,[CLS]
286,[CLS]
287,四川
288,[CLS]
289,[CLS]
290,[CLS]
291,[CLS]
292,[CLS]
293,[CLS]
294,洛杉磯好萊塢的杜比劇院
295,[CLS]
296,[CLS]
297,[CLS]
298,[CLS]
299,[CLS]
300,[CLS]
301,[CLS]
302,[CLS]
303,[CLS]
304,[CLS]
305,[CLS]
306,[CLS]
307,[CLS]
308,[CLS]
309,[CLS]
310,[CLS]
311,[CLS]
312,[CLS]
313,[CLS]
314,[CLS]
315,[CLS]
316,[CLS]
317,[CLS]
318,[CLS]
319,[CLS]
320,[CLS]
321,[CLS]
322,[CLS]
323,[CLS]
324,[CLS]
325,[CLS]
326,[CLS]
327,[CLS]
328,[CLS]
329,[CLS]
330,[CLS]
331,[CLS]
332,忠孝伯招討大將軍罪臣國姓
333,[CLS]
334,[CLS]
335,[CLS]
336,[CLS]
337,[CLS]
338,[CLS]
339,[CLS]
340,[CLS]
341,[CLS]
342,[CLS]
343,[CLS]
344,[CLS]
345,肉饅頭
346,[CLS]
347,[CLS]
348,[CLS]
349,[CLS]
350,農業
351,[CLS]
352,明朝
353,[CLS]
354,[CLS]
355,[CLS]
356,[CLS]
357,[CLS]
358,[CLS]
359,[CLS]
360,[CLS]
361,[CLS]
362,[CLS]
363,1987年
364,黃河
365,[CLS]
366,[CLS]
367,[CLS]
368,[CLS]
369,[CLS]
370,[CLS]
371,[CLS]
372,[CLS]
373,[CLS]
374,[CLS]
375,1985
376,[CLS]
377,雨季降水
378,[CLS]
379,[CLS]
380,[CLS]
381,每年舉行一次
382,[CLS]
383,[CLS]
384,[CLS]
385,[CLS]
386,[CLS]
387,[CLS]
388,[CLS]
389,[CLS]
390,[CLS]
391,[CLS]
392,[CLS]
393,[CLS]
394,[CLS]
395,[CLS]
396,[CLS]
397,[CLS]
398,紅線
399,[CLS]
400,[CLS]
401,[CLS]
402,[CLS]
403,[CLS]
404,[CLS]
405,[CLS]
406,[CLS]
407,通過引入刑事司法法案授權印度法官審理歐洲人所犯的罪行
408,[CLS]
409,[CLS]
410,[CLS]
411,[CLS]
412,[CLS]
413,[CLS]
414,[CLS]
415,[CLS]
416,[CLS]
417,[CLS]
418,[CLS]
419,黑潮洋流
420,[CLS]
421,皇家自由醫院
422,自由土黨
423,[CLS]
424,[CLS]
425,[CLS]
426,[CLS]
427,[CLS]
428,[CLS]
429,[CLS]
430,[CLS]
431,[CLS]
432,[CLS]
433,[CLS]
434,[CLS]
435,[CLS]
436,[CLS]
437,烏拉圭
438,[CLS]
439,[CLS]
440,[CLS]
441,[CLS]
442,[CLS]
443,[CLS]
444,[CLS]
445,[CLS]
446,[CLS]
447,《2005年憲制改革法令》
448,企業爆發涉及高達16億美元的會計造假案件，主要為來自晶片及半導體部門的虛假營收
449,基督教
450,[CLS]
451,梅西
452,[CLS]
453,[CLS]
454,[CLS]
455,[CLS]
456,[CLS]
457,[CLS]
458,[CLS]
459,[CLS]
460,[CLS]
461,[CLS]
462,[CLS]
463,[CLS]
464,[CLS]
465,[CLS]
466,1913年
467,[CLS]
468,[CLS]
469,[CLS]
470,英國
471,[CLS]
472,[CLS]
473,[CLS]
474,[CLS]
475,[CLS]
476,[CLS]
477,[CLS]
478,[CLS]
479,[CLS]
480,[CLS]
481,[CLS]
482,[CLS]
483,[CLS]
484,[CLS]
485,[CLS]
486,[CLS]
487,《太陽報》
488,[CLS]
489,[CLS]
490,[CLS]
491,[CLS]
492,哈爾茨山脈
493,[CLS]
494,[CLS]
495,許家班
496,[CLS]
497,[CLS]
498,[CLS]
499,[CLS]
500,[CLS]
501,[CLS]
502,[CLS]
503,[CLS]
504,[CLS]
505,[CLS]
506,[CLS]
507,[CLS]
508,[CLS]
509,[CLS]
510,[CLS]
511,[CLS]
512,[CLS]
513,[CLS]
514,[CLS]
515,[CLS]
516,倫敦時報
517,[CLS]
518,[CLS]
519,[CLS]
520,[CLS]
521,[CLS]
522,[CLS]
523,[CLS]
524,[CLS]
525,[CLS]
526,[CLS]
527,[CLS]
528,[CLS]
529,[CLS]
530,[CLS]
531,[CLS]
532,[CLS]
533,[CLS]
534,[CLS]
535,[CLS]
536,[CLS]
537,[CLS]
538,[CLS]
539,[CLS]
540,[CLS]
541,[CLS]
542,[CLS]
543,[CLS]
544,[CLS]
545,[CLS]
546,19世紀晚期
547,[CLS]
548,巴燕縣
549,[CLS]
550,[CLS]
551,[CLS]
552,[CLS]
553,[CLS]
554,1960年代
555,[CLS]
556,[CLS]
557,[CLS]
558,[CLS]
559,[CLS]
560,[CLS]
561,[CLS]
562,[CLS]
563,[CLS]
564,[CLS]
565,[CLS]
566,[CLS]
567,[CLS]
568,[CLS]
569,[CLS]
570,[CLS]
571,[CLS]
572,[CLS]
573,[CLS]
574,24位
575,[CLS]
576,[CLS]
577,[CLS]
578,[CLS]
579,[CLS]
580,[CLS]
581,[CLS]
582,[CLS]
583,1260年
584,[CLS]
585,[CLS]
586,[CLS]
587,[CLS]
588,[CLS]
589,[CLS]
590,大衛營和約
591,[CLS]
592,[CLS]
593,[CLS]
594,[CLS]
595,[CLS]
596,[CLS]
597,[CLS]
598,[CLS]
599,62萬
600,[CLS]
601,煙火
602,[CLS]
603,[CLS]
604,[CLS]
605,[CLS]
606,[CLS]
607,江戶幕府
608,[CLS]
609,[CLS]
610,[CLS]
611,[CLS]
612,[CLS]
613,[CLS]
614,[CLS]
615,[CLS]
616,[CLS]
617,[CLS]
618,[CLS]
619,[CLS]
620,[CLS]
621,[CLS]
622,[CLS]
623,[CLS]
624,[CLS]
625,[CLS]
626,忽必烈
627,[CLS]
628,[CLS]
629,[CLS]
630,[CLS]
631,[CLS]
632,[CLS]
633,[CLS]
634,[CLS]
635,[CLS]
636,[CLS]
637,[CLS]
638,[CLS]
639,[CLS]
640,[CLS]
641,[CLS]
642,[CLS]
643,[CLS]
644,[CLS]
645,[CLS]
646,[CLS]
647,[CLS]
648,[CLS]
649,[CLS]
650,[CLS]
651,[CLS]
652,魚鷹
653,[CLS]
654,[CLS]
655,濟南
656,[CLS]
657,[CLS]
658,[CLS]
659,[CLS]
660,[CLS]
661,[CLS]
662,[CLS]
663,[CLS]
664,[CLS]
665,[CLS]
666,[CLS]
667,[CLS]
668,[CLS]
669,[CLS]
670,[CLS]
671,[CLS]
672,[CLS]
673,[CLS]
674,抑鬱
675,[CLS]
676,[CLS]
677,[CLS]
678,[CLS]
679,查爾斯·派爾
680,[CLS]
681,[CLS]
682,[CLS]
683,[CLS]
684,[CLS]
685,[CLS]
686,丁磊
687,1958
688,成都平原
689,[CLS]
690,[CLS]
691,[CLS]
692,保定
693,[CLS]
694,[CLS]
695,天道
696,[CLS]
697,[CLS]
698,[CLS]
699,[CLS]
700,[CLS]
701,烈士
702,[CLS]
703,[CLS]
704,[CLS]
705,[CLS]
706,[CLS]
707,[CLS]
708,[CLS]
709,[CLS]
710,[CLS]
711,[CLS]
712,[CLS]
713,[CLS]
714,[CLS]
715,[CLS]
716,[CLS]
717,納稅人
718,電離層
719,[CLS]
720,[CLS]
721,[CLS]
722,[CLS]
723,[CLS]
724,[CLS]
725,[CLS]
726,[CLS]
727,[CLS]
728,機車
729,[CLS]
730,[CLS]
731,[CLS]
732,[CLS]
733,[CLS]
734,[CLS]
735,[CLS]
736,[CLS]
737,[CLS]
738,極光
739,[CLS]
740,[CLS]
741,崇福寺
742,[CLS]
743,[CLS]
744,[CLS]
745,由於國內的貴族政治與神職人員影響重大
746,[CLS]
747,[CLS]
748,[CLS]
749,[CLS]
750,[CLS]
751,[CLS]
752,[CLS]
753,[CLS]
754,[CLS]
755,[CLS]
756,歐洲戰事
757,[CLS]
758,[CLS]
759,[CLS]
760,[CLS]
761,[CLS]
762,小籠饅頭
763,[CLS]
764,[CLS]
765,[CLS]
766,[CLS]
767,散騎常侍
768,[CLS]
769,[CLS]
770,[CLS]
771,土庫曼人貴族賈漢沙
772,毛澤東
773,[CLS]
774,[CLS]
775,[CLS]
776,[CLS]
777,[CLS]
778,[CLS]
779,[CLS]
780,[CLS]
781,[CLS]
782,[CLS]
783,[CLS]
784,[CLS]
785,[CLS]
786,[CLS]
787,[CLS]
788,[CLS]
789,[CLS]
790,[CLS]
791,[CLS]
792,[CLS]
793,[CLS]
794,[CLS]
795,[CLS]
796,[CLS]
797,[CLS]
798,[CLS]
799,[CLS]
800,[CLS]
801,[CLS]
802,[CLS]
803,[CLS]
804,[CLS]
805,[CLS]
806,[CLS]
807,[CLS]
808,[CLS]
809,[CLS]
810,[CLS]
811,[CLS]
812,西吉斯蒙德
813,[CLS]
814,[CLS]
815,[CLS]
816,[CLS]
817,[CLS]
818,瑞典
819,[CLS]
820,[CLS]
821,[CLS]
822,1990年
823,[CLS]
824,[CLS]
825,方便世界各地有投資意願人士申請香港居留權，以引進資金和人才。
826,[CLS]
827,[CLS]
828,[CLS]
829,[CLS]
830,[CLS]
831,香港電影
832,朝鮮王朝時期
833,[CLS]
834,橢圓星系
835,約翰西尼切里布
836,[CLS]
837,[CLS]
838,[CLS]
839,[CLS]
840,葡萄牙
841,[CLS]
842,[CLS]
843,[CLS]
844,[CLS]
845,[CLS]
846,[CLS]
847,[CLS]
848,[CLS]
849,[CLS]
850,[CLS]
851,光球層
852,[CLS]
853,[CLS]
854,紅河戰役
855,[CLS]
856,[CLS]
857,1949
858,納粹黨
859,昆蟲
860,[CLS]
861,[CLS]
862,[CLS]
863,[CLS]
864,5年
865,[CLS]
866,[CLS]
867,[CLS]
868,[CLS]
869,[CLS]
870,[CLS]
871,[CLS]
872,[CLS]
873,[CLS]
874,[CLS]
875,[CLS]
876,[CLS]
877,[CLS]
878,[CLS]
879,[CLS]
880,[CLS]
881,[CLS]
882,[CLS]
883,[CLS]
884,[CLS]
885,挪威國王哈康五世
886,[CLS]
887,李成棟
888,[CLS]
889,[CLS]
890,[CLS]
891,喬治·盧卡斯
892,[CLS]
893,[CLS]
894,世襲
895,[CLS]
896,[CLS]
897,[CLS]
898,[CLS]
899,九一八事變
900,[CLS]
901,[CLS]
902,[CLS]
903,[CLS]
904,[CLS]
905,[CLS]
906,[CLS]
907,[CLS]
908,[CLS]
909,[CLS]
910,[CLS]
911,[CLS]
912,[CLS]
913,[CLS]
914,[CLS]
915,[CLS]
916,金門
917,[CLS]
918,1155
919,[CLS]
920,[CLS]
921,[CLS]
922,[CLS]
923,[CLS]
924,山毛櫸林
925,[CLS]
926,[CLS]
927,[CLS]
928,[CLS]
929,[CLS]
930,[CLS]
931,[CLS]
932,[CLS]
933,[CLS]
934,[CLS]
935,[CLS]
936,[CLS]
937,宗教信仰
938,[CLS]
939,[CLS]
940,[CLS]
941,[CLS]
942,十字軍
943,[CLS]
944,[CLS]
945,國立中山大學
946,[CLS]
947,臺東市區最高點為標高75公尺的鯉魚山
948,[CLS]
949,修正與整合先前已得的知識
950,[CLS]
951,青少年
952,共和黨革命效應
953,[CLS]
954,[CLS]
955,[CLS]
956,[CLS]
957,[CLS]
958,[CLS]
959,[CLS]
960,[CLS]
961,[CLS]
962,[CLS]
963,[CLS]
964,[CLS]
965,牛肉
966,[CLS]
967,[CLS]
968,[CLS]
969,[CLS]
970,[CLS]
971,新加坡
972,因周王是燕王同母兄弟，而朱允炆怕他與燕王呵成一氣
973,[CLS]
974,[CLS]
975,[CLS]
976,避免壓縮機／渦輪解體時可能造成的傷亡或機體損壞
977,[CLS]
978,[CLS]
979,[CLS]
980,4610年
981,[CLS]
982,[CLS]
983,[CLS]
984,[CLS]
985,[CLS]
986,[CLS]
987,[CLS]
988,[CLS]
989,[CLS]
990,[CLS]
991,[CLS]
992,[CLS]
993,[CLS]
994,九龍塘省善真堂
995,[CLS]
996,[CLS]
997,[CLS]
998,[CLS]
999,[CLS]
1000,[CLS]
1001,中世紀時期
1002,[CLS]
1003,[CLS]
1004,尖沙咀
1005,[CLS]
1006,[CLS]
1007,[CLS]
1008,[CLS]
1009,[CLS]
1010,[CLS]
1011,[CLS]
1012,[CLS]
1013,[CLS]
1014,[CLS]
1015,[CLS]
1016,[CLS]
1017,[CLS]
1018,[CLS]
1019,[CLS]
1020,[CLS]
1021,[CLS]
1022,土製裝甲
1023,[CLS]
1024,[CLS]
1025,《論共產黨員的修養》
1026,航空母艦
1027,[CLS]
1028,[CLS]
1029,[CLS]
1030,[CLS]
1031,[CLS]
1032,[CLS]
1033,合理的稅制
1034,阿根廷
1035,[CLS]
1036,[CLS]
1037,韌性
1038,[CLS]
1039,[CLS]
1040,[CLS]
1041,[CLS]
1042,[CLS]
1043,皇家法律
1044,颱風來襲
1045,[CLS]
1046,[CLS]
1047,[CLS]
1048,[CLS]
1049,[CLS]
1050,[CLS]
1051,[CLS]
1052,[CLS]
1053,[CLS]
1054,[CLS]
1055,[CLS]
1056,[CLS]
1057,[CLS]
1058,[CLS]
1059,[CLS]
1060,[CLS]
1061,[CLS]
1062,近三千個
1063,[CLS]
1064,5
1065,[CLS]
1066,[CLS]
1067,[CLS]
1068,[CLS]
1069,[CLS]
1070,[CLS]
1071,[CLS]
1072,[CLS]
1073,[CLS]
1074,[CLS]
1075,[CLS]
1076,慕容垂
1077,[CLS]
1078,[CLS]
1079,[CLS]
1080,[CLS]
1081,[CLS]
1082,[CLS]
1083,由於儒略日數字位數太多
1084,[CLS]
1085,1314年
1086,[CLS]
1087,[CLS]
1088,[CLS]
1089,[CLS]
1090,[CLS]
1091,[CLS]
1092,[CLS]
1093,[CLS]
1094,[CLS]
1095,[CLS]
1096,[CLS]
1097,[CLS]
1098,1660年
1099,[CLS]
1100,[CLS]
1101,[CLS]
1102,臺灣閩南語
1103,[CLS]
1104,[CLS]
1105,[CLS]
1106,[CLS]
1107,[CLS]
1108,忽必烈
1109,[CLS]
1110,二尖瓣
1111,牛頓
1112,[CLS]
1113,[CLS]
1114,[CLS]
1115,[CLS]
1116,磁浮列車
1117,[CLS]
1118,[CLS]
1119,[CLS]
1120,開放式社會主義體制
1121,[CLS]
1122,[CLS]
1123,美國南方公司於美國達拉斯開設了27家圖騰商店，並於1946年延長營業時間為早上7點至晚上11點，所以將商店命名為7-Eleven。
1124,[CLS]
1125,[CLS]
1126,[CLS]
1127,[CLS]
1128,[CLS]
1129,[CLS]
1130,[CLS]
1131,[CLS]
1132,第四次十字軍東征攻陷君士坦丁堡並屠宰
1133,[CLS]
1134,[CLS]
1135,[CLS]
1136,[CLS]
1137,[CLS]
1138,[CLS]
1139,[CLS]
1140,[CLS]
1141,[CLS]
1142,[CLS]
1143,[CLS]
1144,[CLS]
1145,[CLS]
1146,[CLS]
1147,[CLS]
1148,[CLS]
1149,福樓拜
1150,[CLS]
1151,[CLS]
1152,人口
1153,[CLS]
1154,[CLS]
1155,金正恩
1156,[CLS]
1157,[CLS]
1158,[CLS]
1159,[CLS]
1160,[CLS]
1161,[CLS]
1162,[CLS]
1163,[CLS]
1164,[CLS]
1165,所作所為
1166,[CLS]
1167,[CLS]
1168,多倍體育種
1169,[CLS]
1170,[CLS]
1171,求知慾
1172,[CLS]
1173,1930年
1174,愛丁頓光度
1175,[CLS]
1176,[CLS]
1177,[CLS]
1178,[CLS]
1179,[CLS]
1180,[CLS]
1181,[CLS]
1182,[CLS]
1183,[CLS]
1184,[CLS]
1185,1960年代
1186,[CLS]
1187,局部模特兒
1188,[CLS]
1189,[CLS]
1190,[CLS]
1191,[CLS]
1192,[CLS]
1193,[CLS]
1194,[CLS]
1195,[CLS]
1196,[CLS]
1197,[CLS]
1198,[CLS]
1199,[CLS]
1200,2億台
1201,[CLS]
1202,[CLS]
1203,[CLS]
1204,[CLS]
1205,[CLS]
1206,[CLS]
1207,[CLS]
1208,[CLS]
1209,[CLS]
1210,[CLS]
1211,[CLS]
1212,劍橋大學
1213,[CLS]
1214,[CLS]
1215,[CLS]
1216,[CLS]
1217,[CLS]
1218,[CLS]
1219,[CLS]
1220,獸醫學院
1221,[CLS]
1222,[CLS]
1223,[CLS]
1224,[CLS]
1225,[CLS]
1226,[CLS]
1227,[CLS]
1228,[CLS]
1229,[CLS]
1230,[CLS]
1231,[CLS]
1232,患病
1233,[CLS]
1234,[CLS]
1235,[CLS]
1236,[CLS]
1237,2007
1238,[CLS]
1239,[CLS]
1240,[CLS]
1241,[CLS]
1242,[CLS]
1243,[CLS]
1244,[CLS]
1245,[CLS]
1246,[CLS]
1247,[CLS]
1248,[CLS]
1249,[CLS]
1250,[CLS]
1251,[CLS]
1252,[CLS]
1253,[CLS]
1254,[CLS]
1255,[CLS]
1256,[CLS]
1257,[CLS]
1258,[CLS]
1259,[CLS]
1260,[CLS]
1261,[CLS]
1262,[CLS]
1263,[CLS]
1264,[CLS]
1265,[CLS]
1266,[CLS]
1267,[CLS]
1268,[CLS]
1269,[CLS]
1270,[CLS]
1271,[CLS]
1272,[CLS]
1273,[CLS]
1274,[CLS]
1275,[CLS]
1276,[CLS]
1277,[CLS]
1278,42.5小時
1279,[CLS]
1280,[CLS]
1281,[CLS]
1282,[CLS]
1283,[CLS]
1284,[CLS]
1285,陳隆基
1286,[CLS]
1287,[CLS]
1288,[CLS]
1289,[CLS]
1290,運載火箭
1291,朱棣是造反稱帝的，對大臣有所猜忌
1292,[CLS]
1293,[CLS]
1294,[CLS]
1295,[CLS]
1296,[CLS]
1297,[CLS]
1298,[CLS]
1299,[CLS]
1300,[CLS]
1301,80%
1302,[CLS]
1303,[CLS]
1304,[CLS]
1305,[CLS]
1306,[CLS]
1307,[CLS]
1308,[CLS]
1309,[CLS]
1310,[CLS]
1311,[CLS]
1312,[CLS]
1313,[CLS]
1314,[CLS]
1315,[CLS]
1316,[CLS]
1317,源平合戰
1318,因患上喉癌
1319,[CLS]
1320,[CLS]
1321,[CLS]
1322,[CLS]
1323,共和黨
1324,[CLS]
1325,[CLS]
1326,[CLS]
1327,[CLS]
1328,[CLS]
1329,[CLS]
1330,[CLS]
1331,[CLS]
1332,[CLS]
1333,[CLS]
1334,[CLS]
1335,王莽
1336,[CLS]
1337,[CLS]
1338,[CLS]
1339,[CLS]
1340,[CLS]
1341,[CLS]
1342,[CLS]
1343,[CLS]
1344,[CLS]
1345,[CLS]
1346,隨著城市的發展加上持續的移山填海
1347,[CLS]
1348,[CLS]
1349,[CLS]
1350,[CLS]
1351,[CLS]
1352,合成生物學
1353,[CLS]
1354,[CLS]
1355,[CLS]
1356,[CLS]
1357,[CLS]
1358,[CLS]
1359,[CLS]
1360,[CLS]
1361,1984年
1362,[CLS]
1363,[CLS]
1364,[CLS]
1365,[CLS]
1366,[CLS]
1367,[CLS]
1368,利奧十世
1369,[CLS]
1370,[CLS]
1371,撒爾塔-卡爾梅克人
1372,[CLS]
1373,[CLS]
1374,[CLS]
1375,丹麥
1376,[CLS]
1377,[CLS]
1378,[CLS]
1379,[CLS]
1380,「西方頹廢的象徵」
1381,[CLS]
1382,[CLS]
1383,[CLS]
1384,[CLS]
1385,15歲
1386,[CLS]
1387,[CLS]
1388,[CLS]
1389,[CLS]
1390,混凝土壩
1391,[CLS]
1392,[CLS]
1393,單幹風
1394,[CLS]
1395,[CLS]
1396,[CLS]
1397,反間計
1398,[CLS]
1399,[CLS]
1400,[CLS]
1401,[CLS]
1402,[CLS]
1403,[CLS]
1404,[CLS]
1405,[CLS]
1406,[CLS]
1407,[CLS]
1408,[CLS]
1409,山地
1410,成吉思汗
1411,[CLS]
1412,[CLS]
1413,[CLS]
1414,1973年
1415,[CLS]
1416,[CLS]
1417,[CLS]
1418,[CLS]
1419,[CLS]
1420,[CLS]
1421,婆羅門教
1422,[CLS]
1423,[CLS]
1424,[CLS]
1425,[CLS]
1426,[CLS]
1427,[CLS]
1428,[CLS]
1429,[CLS]
1430,[CLS]
1431,[CLS]
1432,[CLS]
1433,[CLS]
1434,[CLS]
1435,[CLS]
1436,[CLS]
1437,[CLS]
1438,[CLS]
1439,[CLS]
1440,[CLS]
1441,[CLS]
1442,[CLS]
1443,中華人民共和國代表團
1444,[CLS]
1445,[CLS]
1446,[CLS]
1447,檀道濟
1448,[CLS]
1449,[CLS]
1450,[CLS]
1451,[CLS]
1452,[CLS]
1453,[CLS]
1454,[CLS]
1455,[CLS]
1456,[CLS]
1457,[CLS]
1458,[CLS]
1459,[CLS]
1460,[CLS]
1461,[CLS]
1462,[CLS]
1463,[CLS]
1464,[CLS]
1465,[CLS]
1466,司馬懿
1467,[CLS]
1468,[CLS]
1469,[CLS]
1470,[CLS]
1471,[CLS]
1472,渤海國
1473,[CLS]
1474,[CLS]
1475,[CLS]
1476,煮熟的米具有很大的黏性
1477,[CLS]
1478,[CLS]
1479,[CLS]
1480,[CLS]
1481,[CLS]
1482,[CLS]
1483,歐足總
1484,[CLS]
1485,[CLS]
1486,[CLS]
1487,[CLS]
1488,[CLS]
1489,[CLS]
1490,[CLS]
1491,[CLS]
1492,[CLS]
1493,[CLS]
1494,臺北國際金融中心
1495,[CLS]
1496,[CLS]
1497,[CLS]
1498,[CLS]
1499,[CLS]
1500,[CLS]
1501,[CLS]
1502,[CLS]
1503,[CLS]
1504,[CLS]
1505,供養軍隊監督造幣
1506,[CLS]
1507,[CLS]
1508,[CLS]
1509,[CLS]
1510,[CLS]
1511,2005年
1512,[CLS]
1513,[CLS]
1514,荷蘭
1515,[CLS]
1516,[CLS]
1517,[CLS]
1518,[CLS]
1519,[CLS]
1520,[CLS]
1521,[CLS]
1522,躁鬱症
1523,[CLS]
1524,[CLS]
1525,[CLS]
1526,[CLS]
1527,[CLS]
1528,[CLS]
1529,[CLS]
1530,以免令天文台電話線路繁忙
1531,由於遭到後金和倭的攻擊
1532,[CLS]
1533,[CLS]
1534,[CLS]
1535,由於靖難之役時，朱棣得到了很多來自宦官的幫助
1536,[CLS]
1537,[CLS]
1538,[CLS]
1539,[CLS]
1540,[CLS]
1541,[CLS]
1542,[CLS]
1543,[CLS]
1544,[CLS]
1545,[CLS]
1546,單身收養制度
1547,[CLS]
1548,教育
1549,[CLS]
1550,[CLS]
1551,[CLS]
1552,[CLS]
1553,[CLS]
1554,[CLS]
1555,[CLS]
1556,[CLS]
1557,[CLS]
1558,[CLS]
1559,[CLS]
1560,[CLS]
1561,[CLS]
1562,[CLS]
1563,[CLS]
1564,[CLS]
1565,[CLS]
1566,喬治·麥肯
1567,[CLS]
1568,[CLS]
1569,[CLS]
1570,[CLS]
1571,[CLS]
1572,[CLS]
1573,[CLS]
1574,[CLS]
1575,[CLS]
1576,[CLS]
1577,[CLS]
1578,[CLS]
1579,[CLS]
1580,[CLS]
1581,[CLS]
1582,[CLS]
1583,[CLS]
1584,[CLS]
1585,基督教
1586,[CLS]
1587,[CLS]
1588,[CLS]
1589,[CLS]
1590,[CLS]
1591,[CLS]
1592,[CLS]
1593,韓愈
1594,[CLS]
1595,[CLS]
1596,[CLS]
1597,[CLS]
1598,[CLS]
1599,[CLS]
1600,[CLS]
1601,後漢書
1602,[CLS]
1603,[CLS]
1604,[CLS]
1605,[CLS]
1606,[CLS]
1607,[CLS]
1608,[CLS]
1609,[CLS]
1610,海外貿易
1611,[CLS]
1612,[CLS]
1613,[CLS]
1614,[CLS]
1615,[CLS]
1616,[CLS]
1617,[CLS]
1618,[CLS]
1619,[CLS]
1620,[CLS]
1621,[CLS]
1622,襄城
1623,[CLS]
1624,腎病
1625,[CLS]
1626,[CLS]
1627,[CLS]
1628,沃爾松格傳說
1629,[CLS]
1630,孟子
1631,1939年
1632,[CLS]
1633,[CLS]
1634,[CLS]
1635,[CLS]
1636,[CLS]
1637,陳玉昶
1638,周鍾瑄
1639,[CLS]
1640,[CLS]
1641,福余衛
1642,[CLS]
1643,[CLS]
1644,[CLS]
1645,[CLS]
1646,愛德華三世
1647,[CLS]
1648,[CLS]
1649,[CLS]
1650,[CLS]
1651,[CLS]
1652,[CLS]
1653,[CLS]
1654,[CLS]
1655,[CLS]
1656,[CLS]
1657,[CLS]
1658,[CLS]
1659,[CLS]
1660,[CLS]
1661,[CLS]
1662,[CLS]
1663,[CLS]
1664,[CLS]
1665,[CLS]
1666,[CLS]
1667,[CLS]
1668,[CLS]
1669,[CLS]
1670,[CLS]
1671,[CLS]
1672,[CLS]
1673,本森河·斯奈德
1674,[CLS]
1675,[CLS]
1676,[CLS]
1677,[CLS]
1678,正一派
1679,[CLS]
1680,[CLS]
1681,[CLS]
1682,[CLS]
1683,[CLS]
1684,[CLS]
1685,[CLS]
1686,[CLS]
1687,[CLS]
1688,估計全英國約有2000萬人
1689,[CLS]
1690,[CLS]
1691,[CLS]
1692,[CLS]
1693,[CLS]
1694,[CLS]
1695,[CLS]
1696,[CLS]
1697,[CLS]
1698,航空運輸
1699,[CLS]
1700,[CLS]
1701,[CLS]
1702,[CLS]
1703,[CLS]
1704,[CLS]
1705,[CLS]
1706,[CLS]
1707,[CLS]
1708,[CLS]
1709,[CLS]
1710,[CLS]
1711,[CLS]
1712,高句麗僧人信誠打開平壤城門
1713,[CLS]
1714,[CLS]
1715,[CLS]
1716,[CLS]
1717,1991年
1718,[CLS]
1719,可量度的證據，並且合乎明確的推理原則
1720,[CLS]
1721,[CLS]
1722,[CLS]
1723,[CLS]
1724,[CLS]
1725,[CLS]
1726,受到鄰近其他星系影響
1727,[CLS]
1728,[CLS]
1729,[CLS]
1730,[CLS]
1731,1949
1732,[CLS]
1733,[CLS]
1734,[CLS]
1735,[CLS]
1736,[CLS]
1737,[CLS]
1738,[CLS]
1739,[CLS]
1740,[CLS]
1741,[CLS]
1742,[CLS]
1743,祈穀
1744,[CLS]
1745,[CLS]
1746,[CLS]
1747,1854年
1748,[CLS]
1749,[CLS]
1750,[CLS]
1751,[CLS]
1752,[CLS]
1753,[CLS]
1754,[CLS]
1755,[CLS]
1756,[CLS]
1757,[CLS]
1758,[CLS]
1759,[CLS]
1760,[CLS]
1761,[CLS]
1762,[CLS]
1763,武力征服
1764,[CLS]
1765,百夫長
1766,[CLS]
1767,明朝
1768,[CLS]
1769,[CLS]
1770,[CLS]
1771,[CLS]
1772,希望此任務能幫助解開行星形成前的太陽系的謎。
1773,[CLS]
1774,[CLS]
1775,[CLS]
1776,[CLS]
1777,[CLS]
1778,[CLS]
1779,[CLS]
1780,[CLS]
1781,[CLS]
1782,[CLS]
1783,[CLS]
1784,[CLS]
1785,[CLS]
1786,[CLS]
1787,[CLS]
1788,[CLS]
1789,長江流域
1790,[CLS]
1791,1976
1792,[CLS]
1793,[CLS]
1794,[CLS]
1795,[CLS]
1796,[CLS]
1797,[CLS]
1798,[CLS]
1799,[CLS]
1800,[CLS]
1801,[CLS]
1802,[CLS]
1803,[CLS]
1804,湯瑪斯杜威
1805,[CLS]
1806,屋大維
1807,[CLS]
1808,[CLS]
1809,[CLS]
1810,[CLS]
1811,[CLS]
1812,[CLS]
1813,[CLS]
1814,[CLS]
1815,喀羅尼亞
1816,化合態
1817,[CLS]
1818,[CLS]
1819,[CLS]
1820,地勢由西北向東南傾斜，略呈階梯形態
1821,1966
1822,[CLS]
1823,[CLS]
1824,[CLS]
1825,[CLS]
1826,地層下陷
1827,[CLS]
1828,[CLS]
1829,主張廢奴民主黨人
1830,為阻止其母覃美金胡亂花費
1831,[CLS]
1832,[CLS]
1833,[CLS]
1834,[CLS]
1835,[CLS]
1836,[CLS]
1837,[CLS]
1838,[CLS]
1839,馬來亞高等法庭
1840,[CLS]
1841,北宋
1842,[CLS]
1843,[CLS]
1844,[CLS]
1845,[CLS]
1846,理性自殺
1847,[CLS]
1848,[CLS]
1849,[CLS]
1850,[CLS]
1851,[CLS]
1852,王向偉
1853,[CLS]
1854,「紐澤西美洲人」
1855,[CLS]
1856,[CLS]
1857,[CLS]
1858,[CLS]
1859,[CLS]
1860,[CLS]
1861,[CLS]
1862,1961
1863,[CLS]
1864,[CLS]
1865,[CLS]
1866,[CLS]
1867,[CLS]
1868,噪音
1869,[CLS]
1870,[CLS]
1871,[CLS]
1872,[CLS]
1873,[CLS]
1874,[CLS]
1875,[CLS]
1876,義大利
1877,[CLS]
1878,非裔美國人
1879,[CLS]
1880,[CLS]
1881,[CLS]
1882,[CLS]
1883,[CLS]
1884,[CLS]
1885,[CLS]
1886,[CLS]
1887,[CLS]
1888,[CLS]
1889,[CLS]
1890,[CLS]
1891,[CLS]
1892,[CLS]
1893,[CLS]
1894,[CLS]
1895,[CLS]
1896,[CLS]
1897,[CLS]
1898,[CLS]
1899,[CLS]
1900,先印後膠
1901,[CLS]
1902,[CLS]
1903,[CLS]
1904,[CLS]
1905,松田傳十郎
1906,[CLS]
1907,卡內基梅隆大學
1908,威尼斯
1909,[CLS]
1910,[CLS]
1911,[CLS]
1912,[CLS]
1913,[CLS]
1914,[CLS]
1915,[CLS]
1916,[CLS]
1917,[CLS]
1918,[CLS]
1919,[CLS]
1920,[CLS]
1921,[CLS]
1922,[CLS]
1923,[CLS]
1924,[CLS]
1925,七星石
1926,[CLS]
1927,[CLS]
1928,[CLS]
1929,[CLS]
1930,[CLS]
1931,[CLS]
1932,[CLS]
1933,[CLS]
1934,[CLS]
1935,[CLS]
1936,[CLS]
1937,因撤離中國大陸之故而不了了之，未能有後續行動。
1938,[CLS]
1939,經濟力
1940,[CLS]
1941,[CLS]
1942,[CLS]
1943,[CLS]
1944,[CLS]
1945,[CLS]
1946,[CLS]
1947,[CLS]
1948,[CLS]
1949,[CLS]
1950,[CLS]
1951,[CLS]
1952,[CLS]
1953,[CLS]
1954,[CLS]
1955,[CLS]
1956,[CLS]
1957,[CLS]
1958,[CLS]
1959,[CLS]
1960,國家郵政局
1961,[CLS]
1962,[CLS]
1963,[CLS]
1964,[CLS]
1965,[CLS]
1966,[CLS]
1967,英國
1968,[CLS]
1969,[CLS]
1970,[CLS]
1971,[CLS]
1972,[CLS]
1973,[CLS]
1974,[CLS]
1975,[CLS]
1976,[CLS]
1977,[CLS]
1978,三木武夫組閣後，美國水門案所引發的餘波，揭發洛克希德事件，田中涉及貪污醜聞。
1979,[CLS]
1980,[CLS]
1981,[CLS]
1982,[CLS]
1983,[CLS]
1984,[CLS]
1985,[CLS]
1986,[CLS]
1987,[CLS]
1988,[CLS]
1989,[CLS]
1990,[CLS]
1991,[CLS]
1992,[CLS]
1993,[CLS]
1994,[CLS]
1995,[CLS]
1996,[CLS]
1997,[CLS]
1998,[CLS]
1999,[CLS]
2000,[CLS]
2001,[CLS]
2002,[CLS]
2003,[CLS]
2004,[CLS]
2005,[CLS]
2006,[CLS]
2007,隆納雷根
2008,[CLS]
2009,[CLS]
2010,[CLS]
2011,[CLS]
2012,[CLS]
2013,[CLS]
2014,[CLS]
2015,[CLS]
2016,[CLS]
2017,[CLS]
2018,[CLS]
2019,經濟及能源部
2020,[CLS]
2021,[CLS]
2022,[CLS]
2023,[CLS]
2024,[CLS]
2025,梁啓超
2026,[CLS]
2027,[CLS]
2028,[CLS]
2029,工商企業家
2030,元嘉之治
2031,黃帝
2032,[CLS]
2033,[CLS]
2034,[CLS]
2035,1960
2036,[CLS]
2037,[CLS]
2038,[CLS]
2039,[CLS]
2040,1403
2041,[CLS]
2042,[CLS]
2043,[CLS]
2044,經濟發展
2045,[CLS]
2046,[CLS]
2047,[CLS]
2048,國際城市博覽會盃
2049,[CLS]
2050,[CLS]
2051,[CLS]
2052,[CLS]
2053,[CLS]
2054,[CLS]
2055,[CLS]
2056,[CLS]
2057,[CLS]
2058,[CLS]
2059,[CLS]
2060,[CLS]
2061,[CLS]
2062,[CLS]
2063,[CLS]
2064,[CLS]
2065,元嘉二十七年
2066,[CLS]
2067,[CLS]
2068,[CLS]
2069,[CLS]
2070,[CLS]
2071,[CLS]
2072,[CLS]
2073,[CLS]
2074,[CLS]
2075,[CLS]
2076,[CLS]
2077,[CLS]
2078,[CLS]
2079,[CLS]
2080,[CLS]
2081,[CLS]
2082,[CLS]
2083,安息帝國
2084,[CLS]
2085,[CLS]
2086,[CLS]
2087,[CLS]
2088,[CLS]
2089,[CLS]
2090,[CLS]
2091,[CLS]
2092,米哈伊爾·普羅霍羅夫
2093,1比3
2094,[CLS]
2095,[CLS]
2096,[CLS]
2097,[CLS]
2098,袁粲
2099,[CLS]
2100,[CLS]
2101,[CLS]
2102,[CLS]
2103,[CLS]
2104,[CLS]
2105,[CLS]
2106,[CLS]
2107,[CLS]
2108,[CLS]
2109,[CLS]
2110,[CLS]
2111,[CLS]
2112,[CLS]
2113,[CLS]
2114,[CLS]
2115,[CLS]
2116,[CLS]
2117,胡宗南
2118,[CLS]
2119,[CLS]
2120,[CLS]
2121,[CLS]
2122,[CLS]
2123,[CLS]
2124,[CLS]
2125,[CLS]
2126,[CLS]
2127,[CLS]
2128,[CLS]
2129,歐洲國家盃
2130,[CLS]
2131,[CLS]
2132,[CLS]
2133,[CLS]
2134,[CLS]
2135,[CLS]
2136,[CLS]
2137,[CLS]
2138,[CLS]
2139,[CLS]
2140,[CLS]
2141,[CLS]
2142,[CLS]
2143,[CLS]
2144,[CLS]
2145,[CLS]
2146,[CLS]
2147,[CLS]
2148,[CLS]
2149,[CLS]
2150,[CLS]
2151,[CLS]
2152,[CLS]
2153,[CLS]
2154,[CLS]
2155,沃爾夫岡·苛勒
2156,150萬美元
2157,庾澄慶
2158,[CLS]
2159,[CLS]
2160,[CLS]
2161,[CLS]
2162,北美洲
2163,[CLS]
2164,[CLS]
2165,《崇拜聖書》
2166,[CLS]
2167,[CLS]
2168,追尋無與倫比
2169,[CLS]
2170,[CLS]
2171,[CLS]
2172,[CLS]
2173,[CLS]
2174,[CLS]
2175,色目人擅長理財
2176,[CLS]
2177,[CLS]
2178,[CLS]
2179,[CLS]
2180,[CLS]
2181,[CLS]
2182,[CLS]
2183,[CLS]
2184,中山市政府近年來對一批物流項目給予貸款貼息政策
2185,[CLS]
2186,[CLS]
2187,5000倍
2188,[CLS]
2189,[CLS]
2190,亨利·迪克特·懷特
2191,[CLS]
2192,[CLS]
2193,[CLS]
2194,[CLS]
2195,[CLS]
2196,[CLS]
2197,[CLS]
2198,[CLS]
2199,1959
2200,[CLS]
2201,[CLS]
2202,[CLS]
2203,[CLS]
2204,[CLS]
2205,[CLS]
2206,[CLS]
2207,[CLS]
2208,[CLS]
2209,[CLS]
2210,[CLS]
2211,[CLS]
2212,[CLS]
2213,[CLS]
2214,[CLS]
2215,[CLS]
2216,[CLS]
2217,[CLS]
2218,曹魏的毌丘儉焚燒了丸都城後以為高句麗滅亡了，所以很快就撤離了。
2219,[CLS]
2220,[CLS]
2221,不斷成長的大量讀者群
2222,[CLS]
2223,[CLS]
2224,[CLS]
2225,比爾蓋茨
2226,[CLS]
2227,淵蓋蘇文
2228,[CLS]
2229,[CLS]
2230,10%
2231,[CLS]
2232,[CLS]
2233,石油出口
2234,[CLS]
2235,[CLS]
2236,[CLS]
2237,[CLS]
2238,[CLS]
2239,[CLS]
2240,[CLS]
2241,[CLS]
2242,[CLS]
2243,[CLS]
2244,[CLS]
2245,[CLS]
2246,[CLS]
2247,[CLS]
2248,[CLS]
2249,[CLS]
2250,[CLS]
2251,[CLS]
2252,[CLS]
2253,[CLS]
2254,[CLS]
2255,[CLS]
2256,[CLS]
2257,威尼斯
2258,[CLS]
2259,[CLS]
2260,[CLS]
2261,[CLS]
2262,[CLS]
2263,[CLS]
2264,[CLS]
2265,[CLS]
2266,高通公司
2267,[CLS]
2268,[CLS]
2269,建造一個人工堤壩將東西兩湖完全
2270,[CLS]
2271,[CLS]
2272,[CLS]
2273,[CLS]
2274,[CLS]
2275,[CLS]
2276,[CLS]
2277,瑞典
2278,[CLS]
2279,[CLS]
2280,[CLS]
2281,近軸近似
2282,[CLS]
2283,[CLS]
2284,[CLS]
2285,[CLS]
2286,[CLS]
2287,[CLS]
2288,[CLS]
2289,[CLS]
2290,[CLS]
2291,[CLS]
2292,[CLS]
2293,[CLS]
2294,[CLS]
2295,[CLS]
2296,[CLS]
2297,[CLS]
2298,[CLS]
2299,[CLS]
2300,[CLS]
2301,[CLS]
2302,[CLS]
2303,[CLS]
2304,[CLS]
2305,[CLS]
2306,山羊
2307,[CLS]
2308,[CLS]
2309,[CLS]
2310,[CLS]
2311,[CLS]
2312,[CLS]
2313,[CLS]
2314,[CLS]
2315,[CLS]
2316,[CLS]
2317,[CLS]
2318,[CLS]
2319,[CLS]
2320,[CLS]
2321,[CLS]
2322,[CLS]
2323,大形的山崩沉積作用
2324,[CLS]
2325,[CLS]
2326,[CLS]
2327,馬關條約
2328,波士頓塞爾提克
2329,[CLS]
2330,[CLS]
2331,[CLS]
2332,[CLS]
2333,《軍力動員法》
2334,[CLS]
2335,[CLS]
2336,[CLS]
2337,為了與他的女兒瑪麗住得近一點
2338,[CLS]
2339,[CLS]
2340,[CLS]
2341,[CLS]
2342,[CLS]
2343,[CLS]
2344,[CLS]
2345,吸菸
2346,[CLS]
2347,[CLS]
2348,[CLS]
2349,[CLS]
2350,[CLS]
2351,[CLS]
2352,[CLS]
2353,[CLS]
2354,[CLS]
2355,[CLS]
2356,[CLS]
2357,[CLS]
2358,[CLS]
2359,[CLS]
2360,民主聖地
2361,[CLS]
2362,[CLS]
2363,[CLS]
2364,吐谷渾
2365,[CLS]
2366,[CLS]
2367,[CLS]
2368,[CLS]
2369,[CLS]
2370,[CLS]
2371,[CLS]
2372,[CLS]
2373,[CLS]
2374,[CLS]
2375,紅土
2376,[CLS]
2377,卡蓋拉河
2378,[CLS]
2379,[CLS]
2380,[CLS]
2381,[CLS]
2382,[CLS]
2383,[CLS]
2384,[CLS]
2385,[CLS]
2386,[CLS]
2387,[CLS]
2388,[CLS]
2389,[CLS]
2390,[CLS]
2391,[CLS]
2392,[CLS]
2393,[CLS]
2394,[CLS]
2395,[CLS]
2396,[CLS]
2397,[CLS]
2398,[CLS]
2399,[CLS]
2400,[CLS]
2401,[CLS]
2402,[CLS]
2403,[CLS]
2404,[CLS]
2405,[CLS]
2406,[CLS]
2407,[CLS]
2408,[CLS]
2409,[CLS]
2410,[CLS]
2411,極度恐懼
2412,[CLS]
2413,[CLS]
2414,[CLS]
2415,[CLS]
2416,[CLS]
2417,[CLS]
2418,[CLS]
2419,[CLS]
2420,[CLS]
2421,[CLS]
2422,[CLS]
2423,[CLS]
2424,[CLS]
2425,軍事
2426,浦項鋼鐵
2427,[CLS]
2428,[CLS]
2429,[CLS]
2430,[CLS]
2431,[CLS]
2432,[CLS]
2433,[CLS]
2434,1987年
2435,[CLS]
2436,[CLS]
2437,[CLS]
2438,[CLS]
2439,[CLS]
2440,[CLS]
2441,[CLS]
2442,[CLS]
2443,[CLS]
2444,[CLS]
2445,[CLS]
2446,[CLS]
2447,[CLS]
2448,[CLS]
2449,[CLS]
2450,[CLS]
2451,東都明京
2452,[CLS]
2453,[CLS]
2454,[CLS]
2455,為了穩固自己的地位
2456,[CLS]
2457,[CLS]
2458,道士
2459,[CLS]
2460,[CLS]
2461,[CLS]
2462,[CLS]
2463,[CLS]
2464,[CLS]
2465,[CLS]
2466,[CLS]
2467,[CLS]
2468,[CLS]
2469,[CLS]
2470,[CLS]
2471,[CLS]
2472,[CLS]
2473,[CLS]
2474,[CLS]
2475,[CLS]
2476,讓北方各州成為新移民優先選擇的目的地
2477,[CLS]
2478,[CLS]
2479,[CLS]
2480,[CLS]
2481,[CLS]
2482,[CLS]
2483,[CLS]
2484,[CLS]
2485,[CLS]
2486,[CLS]
2487,[CLS]
2488,[CLS]
2489,[CLS]
2490,[CLS]
2491,[CLS]
2492,資訊及計算學院
2493,[CLS]
2494,[CLS]
2495,[CLS]
2496,[CLS]
2497,[CLS]
2498,[CLS]
2499,[CLS]
2500,[CLS]
2501,[CLS]
2502,[CLS]
2503,[CLS]
2504,[CLS]
2505,[CLS]
2506,[CLS]
2507,[CLS]
2508,[CLS]
2509,[CLS]
2510,[CLS]
2511,[CLS]
2512,[CLS]
2513,[CLS]
2514,[CLS]
2515,[CLS]
2516,[CLS]
2517,[CLS]
2518,[CLS]
2519,[CLS]
2520,[CLS]
2521,國民議會
2522,[CLS]
2523,新城
2524,[CLS]
2525,[CLS]
2526,[CLS]
2527,[CLS]
2528,[CLS]
2529,中央宿衛軍
2530,[CLS]
2531,[CLS]
2532,[CLS]
2533,[CLS]
2534,[CLS]
2535,日產
2536,[CLS]
2537,[CLS]
2538,[CLS]
2539,[CLS]
2540,[CLS]
2541,[CLS]
2542,[CLS]
2543,美國工業工程師學會
2544,[CLS]
2545,[CLS]
2546,[CLS]
2547,[CLS]
2548,[CLS]
2549,[CLS]
2550,[CLS]
2551,[CLS]
2552,[CLS]
2553,[CLS]
2554,[CLS]
2555,[CLS]
2556,[CLS]
2557,[CLS]
2558,[CLS]
2559,[CLS]
2560,[CLS]
2561,[CLS]
2562,[CLS]
2563,[CLS]
2564,[CLS]
2565,劉玉娘
2566,[CLS]
2567,[CLS]
2568,[CLS]
2569,[CLS]
2570,[CLS]
2571,[CLS]
2572,[CLS]
2573,[CLS]
2574,磁學測溫法
2575,[CLS]
2576,[CLS]
2577,[CLS]
2578,[CLS]
2579,[CLS]
2580,[CLS]
2581,[CLS]
2582,[CLS]
2583,[CLS]
2584,高表仁
2585,[CLS]
2586,[CLS]
2587,[CLS]
2588,[CLS]
2589,[CLS]
2590,[CLS]
2591,[CLS]
2592,[CLS]
2593,1928
2594,[CLS]
2595,[CLS]
2596,[CLS]
2597,[CLS]
2598,偽科幻
2599,[CLS]
2600,[CLS]
2601,[CLS]
2602,[CLS]
2603,[CLS]
2604,[CLS]
2605,[CLS]
2606,[CLS]
2607,[CLS]
2608,[CLS]
2609,[CLS]
2610,[CLS]
2611,[CLS]
2612,[CLS]
2613,[CLS]
2614,[CLS]
2615,[CLS]
2616,[CLS]
2617,[CLS]
2618,聯合國教科文組織
2619,[CLS]
2620,耶穌
2621,[CLS]
2622,[CLS]
2623,[CLS]
2624,[CLS]
2625,[CLS]
2626,[CLS]
2627,[CLS]
2628,[CLS]
2629,[CLS]
2630,[CLS]
2631,[CLS]
2632,[CLS]
2633,匈牙利
2634,[CLS]
2635,[CLS]
2636,英國
2637,[CLS]
2638,科學樂觀主義
2639,[CLS]
2640,[CLS]
2641,[CLS]
2642,美國第七艦隊
2643,[CLS]
2644,[CLS]
2645,[CLS]
2646,[CLS]
2647,謝琰
2648,[CLS]
2649,[CLS]
2650,[CLS]
2651,[CLS]
2652,[CLS]
2653,抽籤
2654,[CLS]
2655,[CLS]
2656,[CLS]
2657,[CLS]
2658,[CLS]
2659,[CLS]
2660,東德政府稱此牆為「反法西斯防衛牆」
2661,分配地方權力
2662,[CLS]
2663,[CLS]
2664,民間興建營運後轉移模式
2665,[CLS]
2666,[CLS]
2667,[CLS]
2668,[CLS]
2669,[CLS]
2670,[CLS]
2671,[CLS]
2672,[CLS]
2673,[CLS]
2674,[CLS]
2675,[CLS]
2676,[CLS]
2677,[CLS]
2678,[CLS]
2679,[CLS]
2680,[CLS]
2681,[CLS]
2682,[CLS]
2683,[CLS]
2684,[CLS]
2685,[CLS]
2686,[CLS]
2687,[CLS]
2688,[CLS]
2689,[CLS]
2690,[CLS]
2691,[CLS]
2692,[CLS]
2693,2002年
2694,[CLS]
2695,[CLS]
2696,[CLS]
2697,[CLS]
2698,[CLS]
2699,[CLS]
2700,[CLS]
2701,[CLS]
2702,[CLS]
2703,[CLS]
2704,諾曼人
2705,[CLS]
2706,[CLS]
2707,[CLS]
2708,[CLS]
2709,米蘭
2710,[CLS]
2711,[CLS]
2712,突厥人
2713,[CLS]
2714,[CLS]
2715,[CLS]
2716,[CLS]
2717,[CLS]
2718,[CLS]
2719,[CLS]
2720,[CLS]
2721,[CLS]
2722,[CLS]
2723,[CLS]
2724,[CLS]
2725,1940年
2726,[CLS]
2727,[CLS]
2728,王猛
2729,[CLS]
2730,大學寮
2731,[CLS]
2732,[CLS]
2733,[CLS]
2734,[CLS]
2735,[CLS]
2736,[CLS]
2737,隋內亂加劇
2738,[CLS]
2739,[CLS]
2740,[CLS]
2741,[CLS]
2742,[CLS]
2743,[CLS]
2744,[CLS]
2745,[CLS]
2746,[CLS]
2747,[CLS]
2748,[CLS]
2749,1788年
2750,諸葛長民
2751,[CLS]
2752,神話傳說
2753,[CLS]
2754,[CLS]
2755,[CLS]
2756,[CLS]
2757,[CLS]
2758,[CLS]
2759,[CLS]
2760,[CLS]
2761,[CLS]
2762,[CLS]
2763,[CLS]
2764,[CLS]
2765,[CLS]
2766,[CLS]
2767,[CLS]
2768,[CLS]
2769,奧古斯都
2770,甲午戰爭
2771,[CLS]
2772,[CLS]
2773,[CLS]
2774,[CLS]
2775,[CLS]
2776,[CLS]
2777,[CLS]
2778,[CLS]
2779,[CLS]
2780,[CLS]
2781,劉師培
2782,[CLS]
2783,[CLS]
2784,[CLS]
2785,[CLS]
2786,[CLS]
2787,[CLS]
2788,[CLS]
2789,[CLS]
2790,1988
2791,[CLS]
2792,[CLS]
2793,[CLS]
2794,[CLS]
2795,[CLS]
2796,[CLS]
2797,[CLS]
2798,[CLS]
2799,[CLS]
2800,[CLS]
2801,3公里
2802,[CLS]
2803,[CLS]
2804,文世光
2805,[CLS]
2806,[CLS]
2807,[CLS]
2808,[CLS]
2809,[CLS]
2810,[CLS]
2811,[CLS]
2812,[CLS]
2813,公孫康
2814,[CLS]
2815,[CLS]
2816,[CLS]
2817,[CLS]
2818,《生死諜變》
2819,[CLS]
2820,[CLS]
2821,[CLS]
2822,生心板
2823,[CLS]
2824,[CLS]
2825,[CLS]
2826,[CLS]
2827,[CLS]
2828,[CLS]
2829,[CLS]
2830,[CLS]
2831,[CLS]
2832,[CLS]
2833,[CLS]
2834,[CLS]
2835,保羅羅斯
2836,[CLS]
2837,[CLS]
2838,廣州
2839,[CLS]
2840,[CLS]
2841,[CLS]
2842,[CLS]
2843,[CLS]
2844,[CLS]
2845,[CLS]
2846,[CLS]
2847,廣州
2848,[CLS]
2849,16.7個地球日
2850,1998年
2851,[CLS]
2852,[CLS]
2853,[CLS]
2854,60%
2855,[CLS]
2856,[CLS]
2857,[CLS]
2858,[CLS]
2859,[CLS]
2860,[CLS]
2861,[CLS]
2862,[CLS]
2863,[CLS]
2864,[CLS]
2865,[CLS]
2866,[CLS]
2867,[CLS]
2868,日耳曼人
2869,[CLS]
2870,[CLS]
2871,[CLS]
2872,[CLS]
2873,[CLS]
2874,[CLS]
2875,[CLS]
2876,[CLS]
2877,[CLS]
2878,[CLS]
2879,[CLS]
2880,[CLS]
2881,老人安養
2882,[CLS]
2883,拿破崙
2884,[CLS]
2885,[CLS]
2886,[CLS]
2887,[CLS]
2888,[CLS]
2889,民國時期
2890,[CLS]
2891,有鑑於柯林頓「拉鏈門」風波觸怒了不少黨內保守派人士
2892,[CLS]
2893,[CLS]
2894,[CLS]
2895,[CLS]
2896,[CLS]
2897,[CLS]
2898,[CLS]
2899,[CLS]
2900,[CLS]
2901,[CLS]
2902,[CLS]
2903,[CLS]
2904,[CLS]
2905,[CLS]
2906,[CLS]
2907,[CLS]
2908,[CLS]
2909,[CLS]
2910,[CLS]
2911,[CLS]
2912,[CLS]
2913,恆河
2914,1974
2915,[CLS]
2916,[CLS]
2917,[CLS]
2918,幼發拉底河
2919,第二次世界大戰
2920,為了翻譯工作
2921,峨眉山
2922,[CLS]
2923,凱爾特人
2924,[CLS]
2925,保護載具內的人員不受敵火傷害
2926,[CLS]
2927,[CLS]
2928,中晚明北疆的國界
2929,[CLS]
2930,[CLS]
2931,[CLS]
2932,[CLS]
2933,[CLS]
2934,[CLS]
2935,[CLS]
2936,[CLS]
2937,[CLS]
2938,[CLS]
2939,[CLS]
2940,[CLS]
2941,[CLS]
2942,[CLS]
2943,[CLS]
2944,[CLS]
2945,[CLS]
2946,[CLS]
2947,[CLS]
2948,[CLS]
2949,[CLS]
2950,[CLS]
2951,[CLS]
2952,[CLS]
2953,[CLS]
2954,[CLS]
2955,[CLS]
2956,[CLS]
2957,[CLS]
2958,[CLS]
2959,市政會議
2960,[CLS]
2961,[CLS]
2962,[CLS]
2963,[CLS]
2964,[CLS]
2965,[CLS]
2966,[CLS]
2967,[CLS]
2968,[CLS]
2969,由於四周強敵漸漸威脅
2970,[CLS]
2971,[CLS]
2972,[CLS]
2973,[CLS]
2974,一二八事變
2975,日本
2976,[CLS]
2977,[CLS]
2978,表示天體的至高至大
2979,曾根康弘
2980,1930年代
2981,[CLS]
2982,[CLS]
2983,[CLS]
2984,[CLS]
2985,[CLS]
2986,[CLS]
2987,[CLS]
2988,金國
2989,[CLS]
2990,甘泉島
2991,[CLS]
2992,[CLS]
2993,[CLS]
2994,中書監
2995,[CLS]
2996,[CLS]
2997,[CLS]
2998,[CLS]
2999,官田
3000,[CLS]
3001,[CLS]
3002,[CLS]
3003,[CLS]
3004,何斌
3005,[CLS]
3006,[CLS]
3007,[CLS]
3008,[CLS]
3009,[CLS]
3010,[CLS]
3011,[CLS]
3012,[CLS]
3013,[CLS]
3014,[CLS]
3015,[CLS]
3016,[CLS]
3017,[CLS]
3018,[CLS]
3019,中華民國
3020,介質的界面
3021,[CLS]
3022,[CLS]
3023,[CLS]
3024,[CLS]
3025,[CLS]
3026,都市化程度高
3027,[CLS]
3028,[CLS]
3029,[CLS]
3030,[CLS]
3031,[CLS]
3032,[CLS]
3033,[CLS]
3034,[CLS]
3035,[CLS]
3036,非洲
3037,法語
3038,[CLS]
3039,嘻哈
3040,[CLS]
3041,[CLS]
3042,防止國家權力被濫用，尤其是被針對用於對反對派的誣告陷害。
3043,[CLS]
3044,[CLS]
3045,[CLS]
3046,[CLS]
3047,[CLS]
3048,[CLS]
3049,[CLS]
3050,[CLS]
3051,[CLS]
3052,[CLS]
3053,[CLS]
3054,[CLS]
3055,[CLS]
3056,1716年
3057,[CLS]
3058,[CLS]
3059,[CLS]
3060,[CLS]
3061,[CLS]
3062,[CLS]
3063,吳鼎昌
3064,[CLS]
3065,[CLS]
3066,[CLS]
3067,[CLS]
3068,[CLS]
3069,[CLS]
3070,[CLS]
3071,[CLS]
3072,[CLS]
3073,[CLS]
3074,[CLS]
3075,[CLS]
3076,[CLS]
3077,[CLS]
3078,[CLS]
3079,[CLS]
3080,[CLS]
3081,[CLS]
3082,[CLS]
3083,[CLS]
3084,南京
3085,孫文越飛聯合宣言
3086,[CLS]
3087,日耳曼人
3088,[CLS]
3089,[CLS]
3090,[CLS]
3091,產業工程
3092,1861至1865年期間
3093,[CLS]
3094,[CLS]
3095,[CLS]
3096,以便爭取汗位繼承權
3097,[CLS]
3098,[CLS]
3099,[CLS]
3100,十字軍東征
3101,[CLS]
3102,亞他納修
3103,[CLS]
3104,2010
3105,[CLS]
3106,腓力六世
3107,[CLS]
3108,[CLS]
3109,社會主義市場經濟體制
3110,[CLS]
3111,沙地
3112,[CLS]
3113,[CLS]
3114,[CLS]
3115,[CLS]
3116,[CLS]
3117,[CLS]
3118,1973
3119,[CLS]
3120,[CLS]
3121,美國卡內基高等教育基金會
3122,[CLS]
3123,[CLS]
3124,[CLS]
3125,[CLS]
3126,英國
3127,[CLS]
3128,[CLS]
3129,[CLS]
3130,[CLS]
3131,[CLS]
3132,[CLS]
3133,[CLS]
3134,[CLS]
3135,[CLS]
3136,[CLS]
3137,[CLS]
3138,主裁判
3139,[CLS]
3140,[CLS]
3141,[CLS]
3142,[CLS]
3143,[CLS]
3144,[CLS]
3145,[CLS]
3146,[CLS]
3147,[CLS]
3148,[CLS]
3149,奴隸
3150,[CLS]
3151,[CLS]
3152,[CLS]
3153,[CLS]
3154,[CLS]
3155,《三洞奉道科誡》
3156,[CLS]
3157,[CLS]
3158,[CLS]
3159,[CLS]
3160,[CLS]
3161,[CLS]
3162,[CLS]
3163,[CLS]
3164,[CLS]
3165,[CLS]
3166,[CLS]
3167,[CLS]
3168,[CLS]
3169,[CLS]
3170,[CLS]
3171,[CLS]
3172,稻作農耕文明
3173,[CLS]
3174,[CLS]
3175,[CLS]
3176,[CLS]
3177,[CLS]
3178,[CLS]
3179,橫條護甲
3180,[CLS]
3181,有喜貝塚
3182,[CLS]
3183,[CLS]
3184,[CLS]
3185,[CLS]
3186,[CLS]
3187,[CLS]
3188,[CLS]
3189,[CLS]
3190,河北
3191,[CLS]
3192,[CLS]
3193,[CLS]
3194,[CLS]
3195,[CLS]
3196,[CLS]
3197,[CLS]
3198,[CLS]
3199,[CLS]
3200,[CLS]
3201,[CLS]
3202,[CLS]
3203,[CLS]
3204,[CLS]
3205,[CLS]
3206,[CLS]
3207,[CLS]
3208,[CLS]
3209,[CLS]
3210,[CLS]
3211,[CLS]
3212,[CLS]
3213,[CLS]
3214,[CLS]
3215,[CLS]
3216,[CLS]
3217,[CLS]
3218,[CLS]
3219,[CLS]
3220,[CLS]
3221,[CLS]
3222,[CLS]
3223,[CLS]
3224,支持日本關于歸還領土的要求是中國的一貫政策。
3225,[CLS]
3226,[CLS]
3227,《華爾街日報》
3228,[CLS]
3229,生產關係
3230,[CLS]
3231,[CLS]
3232,[CLS]
3233,[CLS]
3234,[CLS]
3235,朱允炆
3236,[CLS]
3237,1943
3238,[CLS]
3239,[CLS]
3240,[CLS]
3241,[CLS]
3242,[CLS]
3243,[CLS]
3244,[CLS]
3245,[CLS]
3246,俄美公司
3247,[CLS]
3248,[CLS]
3249,[CLS]
3250,[CLS]
3251,[CLS]
3252,[CLS]
3253,[CLS]
3254,[CLS]
3255,[CLS]
3256,[CLS]
3257,[CLS]
3258,經濟拮据
3259,[CLS]
3260,[CLS]
3261,泉州
3262,[CLS]
3263,[CLS]
3264,[CLS]
3265,[CLS]
3266,[CLS]
3267,[CLS]
3268,[CLS]
3269,[CLS]
3270,[CLS]
3271,[CLS]
3272,[CLS]
3273,[CLS]
3274,[CLS]
3275,[CLS]
3276,[CLS]
3277,[CLS]
3278,[CLS]
3279,[CLS]
3280,[CLS]
3281,[CLS]
3282,[CLS]
3283,[CLS]
3284,[CLS]
3285,[CLS]
3286,[CLS]
3287,[CLS]
3288,[CLS]
3289,[CLS]
3290,[CLS]
3291,[CLS]
3292,[CLS]
3293,[CLS]
3294,[CLS]
3295,[CLS]
3296,[CLS]
3297,[CLS]
3298,[CLS]
3299,[CLS]
3300,[CLS]
3301,[CLS]
3302,[CLS]
3303,闢為公園，正式對民眾開放。
3304,[CLS]
3305,烏山頭水庫
3306,[CLS]
3307,[CLS]
3308,[CLS]
3309,[CLS]
3310,鄧小平
3311,[CLS]
3312,[CLS]
3313,[CLS]
3314,[CLS]
3315,[CLS]
3316,中國殘疾人福利基金會
3317,[CLS]
3318,[CLS]
3319,[CLS]
3320,[CLS]
3321,第四
3322,[CLS]
3323,[CLS]
3324,[CLS]
3325,[CLS]
3326,[CLS]
3327,1968
3328,[CLS]
3329,[CLS]
3330,國立武昌高等師範學校
3331,[CLS]
3332,[CLS]
3333,[CLS]
3334,[CLS]
3335,[CLS]
3336,[CLS]
3337,[CLS]
3338,[CLS]
3339,[CLS]
3340,狩獵用
3341,[CLS]
3342,[CLS]
3343,1923年
3344,[CLS]
3345,[CLS]
3346,草食性
3347,[CLS]
3348,[CLS]
3349,[CLS]
3350,[CLS]
3351,[CLS]
3352,[CLS]
3353,[CLS]
3354,[CLS]
3355,[CLS]
3356,[CLS]
3357,[CLS]
3358,[CLS]
3359,[CLS]
3360,[CLS]
3361,[CLS]
3362,[CLS]
3363,[CLS]
3364,[CLS]
3365,[CLS]
3366,[CLS]
3367,[CLS]
3368,[CLS]
3369,臺灣廟宇香火鼎盛
3370,[CLS]
3371,[CLS]
3372,[CLS]
3373,[CLS]
3374,[CLS]
3375,[CLS]
3376,[CLS]
3377,[CLS]
3378,[CLS]
3379,[CLS]
3380,[CLS]
3381,[CLS]
3382,[CLS]
3383,[CLS]
3384,[CLS]
3385,[CLS]
3386,[CLS]
3387,[CLS]
3388,[CLS]
3389,[CLS]
3390,[CLS]
3391,[CLS]
3392,[CLS]
3393,維吉尼亞州
3394,[CLS]
3395,[CLS]
3396,[CLS]
3397,[CLS]
3398,[CLS]
3399,[CLS]
3400,[CLS]
3401,網球
3402,[CLS]
3403,北角
3404,[CLS]
3405,[CLS]
3406,韃靼
3407,[CLS]
3408,[CLS]
3409,[CLS]
3410,[CLS]
3411,[CLS]
3412,[CLS]
3413,[CLS]
3414,[CLS]
3415,[CLS]
3416,古蘭經
3417,[CLS]
3418,[CLS]
3419,[CLS]
3420,[CLS]
3421,[CLS]
3422,裡海
3423,[CLS]
3424,[CLS]
3425,[CLS]
3426,[CLS]
3427,[CLS]
3428,[CLS]
3429,[CLS]
3430,[CLS]
3431,[CLS]
3432,[CLS]
3433,[CLS]
3434,[CLS]
3435,[CLS]
3436,[CLS]
3437,[CLS]
3438,[CLS]
3439,[CLS]
3440,波蘭
3441,[CLS]
3442,[CLS]
3443,[CLS]
3444,[CLS]
3445,[CLS]
3446,[CLS]
3447,實用主義
3448,[CLS]
3449,畜牧業
3450,[CLS]
3451,[CLS]
3452,[CLS]
3453,[CLS]
3454,[CLS]
3455,[CLS]
3456,[CLS]
3457,[CLS]
3458,[CLS]
3459,[CLS]
3460,[CLS]
3461,[CLS]
3462,會員大會
3463,[CLS]
3464,[CLS]
3465,[CLS]
3466,[CLS]
3467,[CLS]
3468,[CLS]
3469,狹窄的谷地
3470,[CLS]
3471,[CLS]
3472,[CLS]
3473,[CLS]
3474,1971
3475,[CLS]
3476,[CLS]
3477,[CLS]
3478,[CLS]
3479,[CLS]
3480,[CLS]
3481,[CLS]
3482,[CLS]
3483,[CLS]
3484,[CLS]
3485,[CLS]
3486,149年
3487,[CLS]
3488,[CLS]
3489,希臘阿索斯山
3490,[CLS]
3491,[CLS]
3492,[CLS]
3493,[CLS]
3494,[CLS]
3495,[CLS]
3496,[CLS]
3497,[CLS]
3498,[CLS]
3499,[CLS]
3500,[CLS]
3501,[CLS]
3502,[CLS]
3503,[CLS]
3504,[CLS]
3505,距離比較遠
3506,鹽稅
3507,[CLS]
3508,[CLS]
3509,[CLS]
3510,[CLS]
3511,[CLS]
3512,[CLS]
3513,100人左右
3514,[CLS]
3515,[CLS]
3516,[CLS]
3517,[CLS]
3518,[CLS]
3519,[CLS]
3520,不丹
3521,[CLS]
3522,[CLS]
3523,[CLS]
